rank,fold_name,model_name,image,level,suspicious_score,output_path,LabelError_PredError,LabelError_PredTrue,LabelTrue_PredError,LabelTrue_PredTrue,Mem,
3,fold_2,M13,1614ecfd-ea05-5d82-be19-f6d0993c76be.jpg,drop,"0,8",outputs/oof_official_image_audit/review_image_pairs/0003_drop_0.800_1614ecfd-ea05-5d82-be19-f6d0993c76be.jpg,TRUE,FALSE,FALSE,FALSE,Quốc Huy,
4,fold_2,M13,36c46c01-63d1-5a82-b2ca-66251f7321c1.jpg,drop,"0,8",outputs/oof_official_image_audit/review_image_pairs/0004_drop_0.800_36c46c01-63d1-5a82-b2ca-66251f7321c1.jpg,TRUE,FALSE,FALSE,FALSE,Quốc Huy,
5,fold_3,M12,827812d1-b543-57ea-826b-34b42917c1ed.jpg,drop,"0,8",outputs/oof_official_image_audit/review_image_pairs/0005_drop_0.800_827812d1-b543-57ea-826b-34b42917c1ed.jpg,TRUE,FALSE,FALSE,FALSE,Quốc Huy,
6,fold_3,M12,8e1d2944-2c77-52cc-a709-878ad9210cd8.jpg,drop,"0,8",outputs/oof_official_image_audit/review_image_pairs/0006_drop_0.800_8e1d2944-2c77-52cc-a709-878ad9210cd8.jpg,TRUE,FALSE,FALSE,FALSE,Quốc Huy,
8,fold_3,M12,a38096df-ee0d-54db-9503-1a3129fbd4e2.jpg,drop,"0,8",outputs/oof_official_image_audit/review_image_pairs/0008_drop_0.800_a38096df-ee0d-54db-9503-1a3129fbd4e2.jpg,TRUE,FALSE,FALSE,FALSE,Quốc Huy,
11,fold_2,M13,d555588e-0608-5fe1-85b1-b13a756bd9b7.jpg,drop,"0,8",outputs/oof_official_image_audit/review_image_pairs/0011_drop_0.800_d555588e-0608-5fe1-85b1-b13a756bd9b7.jpg,TRUE,FALSE,FALSE,FALSE,Quốc Huy,
12,fold_1,M23,edc27d96-f9d1-58d1-a747-33cd6ac3d0fc.jpg,drop,"0,8",outputs/oof_official_image_audit/review_image_pairs/0012_drop_0.800_edc27d96-f9d1-58d1-a747-33cd6ac3d0fc.jpg,TRUE,FALSE,FALSE,FALSE,Quốc Huy,
19,fold_3,M12,adbf1ddc-647e-520c-94bd-f6774d940174.jpg,drop,"0,70625",outputs/oof_official_image_audit/review_image_pairs/0019_drop_0.706_adbf1ddc-647e-520c-94bd-f6774d940174.jpg,TRUE,FALSE,FALSE,FALSE,Quốc Huy,
20,fold_3,M12,715d6eef-a244-5b97-9038-0a5f89c55781.jpg,drop,"0,7055555556",outputs/oof_official_image_audit/review_image_pairs/0020_drop_0.706_715d6eef-a244-5b97-9038-0a5f89c55781.jpg,TRUE,FALSE,FALSE,FALSE,Quốc Huy,
23,fold_2,M13,290db653-6025-5726-a2cc-c2d72f4da361.jpg,drop,"0,6994023904",outputs/oof_official_image_audit/review_image_pairs/0023_drop_0.699_290db653-6025-5726-a2cc-c2d72f4da361.jpg,TRUE,FALSE,FALSE,FALSE,Quốc Huy,
27,fold_1,M23,160f656a-086c-544c-b1e1-07b84fb562df.jpg,drop,"0,6734177215",outputs/oof_official_image_audit/review_image_pairs/0027_drop_0.673_160f656a-086c-544c-b1e1-07b84fb562df.jpg,TRUE,FALSE,FALSE,FALSE,Quốc Huy,
28,fold_3,M12,1a10aa30-13dc-510e-80ea-62d34ae3e685.jpg,drop,"0,6693599438",outputs/oof_official_image_audit/review_image_pairs/0028_drop_0.669_1a10aa30-13dc-510e-80ea-62d34ae3e685.jpg,TRUE,FALSE,FALSE,FALSE,Quốc Huy,
29,fold_3,M12,b82541d0-f6f2-56ab-9325-7244563a8ab7.jpg,drop,"0,6615369925",outputs/oof_official_image_audit/review_image_pairs/0029_drop_0.662_b82541d0-f6f2-56ab-9325-7244563a8ab7.jpg,TRUE,FALSE,FALSE,FALSE,Quốc Huy,
30,fold_2,M13,3c609d2c-8770-5044-bc69-00a10e84a06f.jpg,drop,"0,6609865471",outputs/oof_official_image_audit/review_image_pairs/0030_drop_0.661_3c609d2c-8770-5044-bc69-00a10e84a06f.jpg,TRUE,FALSE,FALSE,FALSE,Quốc Huy,
31,fold_3,M12,74e5da2a-3075-5444-9b45-06022d8555ef.jpg,drop,"0,6598615917",outputs/oof_official_image_audit/review_image_pairs/0031_drop_0.660_74e5da2a-3075-5444-9b45-06022d8555ef.jpg,TRUE,FALSE,FALSE,FALSE,Quốc Huy,
32,fold_2,M13,8c20077e-483b-55ee-a31d-832417a01957.jpg,drop,"0,6574074074",outputs/oof_official_image_audit/review_image_pairs/0032_drop_0.657_8c20077e-483b-55ee-a31d-832417a01957.jpg,FALSE,TRUE,FALSE,FALSE,Quốc Huy,
34,fold_3,M12,ce3b76f9-891d-5571-837c-63439292de2b.jpg,drop,"0,6496952955",outputs/oof_official_image_audit/review_image_pairs/0034_drop_0.650_ce3b76f9-891d-5571-837c-63439292de2b.jpg,TRUE,FALSE,FALSE,FALSE,Quốc Huy,
35,fold_3,M12,f79972bd-f1c6-588c-95bb-e84b3c0379ba.jpg,drop,"0,6440366972",outputs/oof_official_image_audit/review_image_pairs/0035_drop_0.644_f79972bd-f1c6-588c-95bb-e84b3c0379ba.jpg,FALSE,TRUE,FALSE,FALSE,Quốc Huy,
36,fold_3,M12,a7f3c22b-a493-5455-aedc-81e4ef383158.jpg,drop,"0,6406593407",outputs/oof_official_image_audit/review_image_pairs/0036_drop_0.641_a7f3c22b-a493-5455-aedc-81e4ef383158.jpg,FALSE,TRUE,FALSE,FALSE,Quốc Huy,
40,fold_2,M13,1ee4e4ed-d932-5d62-a685-3751b6281363.jpg,drop,"0,6308374994",outputs/oof_official_image_audit/review_image_pairs/0040_drop_0.631_1ee4e4ed-d932-5d62-a685-3751b6281363.jpg,TRUE,FALSE,FALSE,FALSE,Quốc Huy,
43,fold_2,M13,3f053d22-1f7c-5fd3-bb04-a55dda9abcd1.jpg,drop,"0,6204253962",outputs/oof_official_image_audit/review_image_pairs/0043_drop_0.620_3f053d22-1f7c-5fd3-bb04-a55dda9abcd1.jpg,TRUE,FALSE,FALSE,FALSE,Quốc Huy,
47,fold_3,M12,56e6aa00-f110-4346-b5b9-460084c5fc58.jpg,drop,"0,5956187617",outputs/oof_official_image_audit/review_image_pairs/0047_drop_0.596_56e6aa00-f110-4346-b5b9-460084c5fc58.jpg,TRUE,FALSE,FALSE,FALSE,Quốc Huy,
48,fold_2,M13,fc5642c7-97f3-5345-9460-5c13b4224eec.jpg,drop,"0,5906504065",outputs/oof_official_image_audit/review_image_pairs/0048_drop_0.591_fc5642c7-97f3-5345-9460-5c13b4224eec.jpg,FALSE,TRUE,FALSE,FALSE,Quốc Huy,
49,fold_2,M13,32cb2999-7967-5cb5-ba54-f831071de6f5.jpg,drop,"0,5904456051",outputs/oof_official_image_audit/review_image_pairs/0049_drop_0.590_32cb2999-7967-5cb5-ba54-f831071de6f5.jpg,TRUE,FALSE,FALSE,FALSE,Quốc Huy,
50,fold_3,M12,83a1e725-1b72-4820-a527-bc97de8f2dbe.jpg,drop,"0,5885914703",outputs/oof_official_image_audit/review_image_pairs/0050_drop_0.589_83a1e725-1b72-4820-a527-bc97de8f2dbe.jpg,TRUE,FALSE,FALSE,FALSE,Quốc Huy,
51,fold_1,M23,ed372266-e392-5d27-841d-7dc1d1ba2ef9.jpg,drop,"0,5873989973",outputs/oof_official_image_audit/review_image_pairs/0051_drop_0.587_ed372266-e392-5d27-841d-7dc1d1ba2ef9.jpg,TRUE,FALSE,FALSE,FALSE,Quốc Huy,
53,fold_3,M12,f9a3b844-b885-4488-acf6-0f13e4d3c94a.jpg,drop,"0,5746149165",outputs/oof_official_image_audit/review_image_pairs/0053_drop_0.575_f9a3b844-b885-4488-acf6-0f13e4d3c94a.jpg,TRUE,FALSE,FALSE,FALSE,Quốc Huy,
54,fold_1,M23,0da98e68-9272-5fc6-a337-69504bd15b3a.jpg,drop,"0,5692307692",outputs/oof_official_image_audit/review_image_pairs/0054_drop_0.569_0da98e68-9272-5fc6-a337-69504bd15b3a.jpg,FALSE,TRUE,FALSE,FALSE,Quốc Huy,
59,fold_3,M12,4ae4b876-82f2-4d0b-9285-1de39691ef34.jpg,drop,"0,5644274121",outputs/oof_official_image_audit/review_image_pairs/0059_drop_0.564_4ae4b876-82f2-4d0b-9285-1de39691ef34.jpg,TRUE,FALSE,FALSE,FALSE,Quốc Huy,
61,fold_3,M12,77d74a13-50df-59ce-8c11-ab1a5ed1703c.jpg,drop,"0,5511415508",outputs/oof_official_image_audit/review_image_pairs/0061_drop_0.551_77d74a13-50df-59ce-8c11-ab1a5ed1703c.jpg,TRUE,FALSE,FALSE,FALSE,Quốc Huy,
62,fold_2,M13,d85aeda1-393e-44af-b078-d869e0711adf.jpg,drop,"0,5509511006",outputs/oof_official_image_audit/review_image_pairs/0062_drop_0.551_d85aeda1-393e-44af-b078-d869e0711adf.jpg,TRUE,FALSE,FALSE,FALSE,Quốc Huy,
63,fold_3,M12,cd346003-8212-5461-843b-c899dbd21c66.jpg,drop,"0,55",outputs/oof_official_image_audit/review_image_pairs/0063_drop_0.550_cd346003-8212-5461-843b-c899dbd21c66.jpg,TRUE,FALSE,FALSE,FALSE,Quốc Huy,
64,fold_2,M13,8354353b-ccd5-4c42-b28f-0640a0524512.jpg,drop,"0,5476551974",outputs/oof_official_image_audit/review_image_pairs/0064_drop_0.548_8354353b-ccd5-4c42-b28f-0640a0524512.jpg,TRUE,FALSE,FALSE,FALSE,Quốc Huy,
66,fold_3,M12,cf7db7ad-938a-5b84-94de-7240cce477de.jpg,drop,"0,5467915502",outputs/oof_official_image_audit/review_image_pairs/0066_drop_0.547_cf7db7ad-938a-5b84-94de-7240cce477de.jpg,TRUE,FALSE,FALSE,FALSE,Quốc Huy,
69,fold_2,M13,6b9c14f4-ed53-4210-9d0a-3c3b6525d163.jpg,drop,"0,5428482312",outputs/oof_official_image_audit/review_image_pairs/0069_drop_0.543_6b9c14f4-ed53-4210-9d0a-3c3b6525d163.jpg,TRUE,FALSE,FALSE,FALSE,Quốc Huy,
70,fold_2,M13,a6f485f7-82da-5a2b-8b2b-5d188bba95b5.jpg,drop,"0,5413149492",outputs/oof_official_image_audit/review_image_pairs/0070_drop_0.541_a6f485f7-82da-5a2b-8b2b-5d188bba95b5.jpg,TRUE,FALSE,FALSE,FALSE,Quốc Huy,
72,fold_2,M13,b5f9ccad-c794-4260-8ef6-29363d81126e.jpg,drop,"0,5343953412",outputs/oof_official_image_audit/review_image_pairs/0072_drop_0.534_b5f9ccad-c794-4260-8ef6-29363d81126e.jpg,TRUE,FALSE,FALSE,FALSE,Quốc Huy,
74,fold_1,M23,51b17581-5227-4c89-a4e4-3e2c4f23079a.jpg,drop,"0,5318435754",outputs/oof_official_image_audit/review_image_pairs/0074_drop_0.532_51b17581-5227-4c89-a4e4-3e2c4f23079a.jpg,TRUE,FALSE,FALSE,FALSE,Quốc Huy,
76,fold_3,M12,a43da549-df51-4175-bb34-f81c1c40a43e.jpg,drop,"0,5304563152",outputs/oof_official_image_audit/review_image_pairs/0076_drop_0.530_a43da549-df51-4175-bb34-f81c1c40a43e.jpg,TRUE,FALSE,FALSE,FALSE,Quốc Huy,
79,fold_2,M13,ccd5bc39-befa-4463-8bbf-943d584ca0e4.jpg,drop,"0,524457495",outputs/oof_official_image_audit/review_image_pairs/0079_drop_0.524_ccd5bc39-befa-4463-8bbf-943d584ca0e4.jpg,TRUE,FALSE,FALSE,FALSE,Quốc Huy,
80,fold_2,M13,38217a79-5a77-466f-819b-ab9b9b1fc075.jpg,drop,"0,5232820032",outputs/oof_official_image_audit/review_image_pairs/0080_drop_0.523_38217a79-5a77-466f-819b-ab9b9b1fc075.jpg,TRUE,FALSE,FALSE,FALSE,Quốc Huy,
81,fold_1,M23,d676c198-95c8-5633-8a2e-ed382c47c4a2.jpg,drop,"0,5219303221",outputs/oof_official_image_audit/review_image_pairs/0081_drop_0.522_d676c198-95c8-5633-8a2e-ed382c47c4a2.jpg,TRUE,FALSE,FALSE,FALSE,Quốc Huy,
82,fold_2,M13,e21072a5-4d66-48ec-b102-660c5441d9c1.jpg,drop,"0,5212686567",outputs/oof_official_image_audit/review_image_pairs/0082_drop_0.521_e21072a5-4d66-48ec-b102-660c5441d9c1.jpg,TRUE,FALSE,FALSE,FALSE,Quốc Huy,
88,fold_1,M23,1c94c095-e44e-510c-97f8-2bedf731e12a.jpg,drop,"0,5076337557",outputs/oof_official_image_audit/review_image_pairs/0088_drop_0.508_1c94c095-e44e-510c-97f8-2bedf731e12a.jpg,FALSE,TRUE,FALSE,FALSE,Quốc Huy,
90,fold_2,M13,6869be4c-e341-5f33-98da-4cab9c324dec.jpg,drop,"0,5025197373",outputs/oof_official_image_audit/review_image_pairs/0090_drop_0.503_6869be4c-e341-5f33-98da-4cab9c324dec.jpg,TRUE,FALSE,FALSE,FALSE,Quốc Huy,
91,fold_3,M12,e6b2f502-7846-5dc6-b9db-f9a5e434035e.jpg,drop,"0,5",outputs/oof_official_image_audit/review_image_pairs/0091_drop_0.500_e6b2f502-7846-5dc6-b9db-f9a5e434035e.jpg,TRUE,FALSE,FALSE,FALSE,Quốc Huy,
94,fold_2,M13,9c0e4b0f-ce1a-473a-8282-3c4cf6ef8c89.jpg,drop,"0,4955291331",outputs/oof_official_image_audit/review_image_pairs/0094_drop_0.496_9c0e4b0f-ce1a-473a-8282-3c4cf6ef8c89.jpg,TRUE,FALSE,FALSE,FALSE,Quốc Huy,
97,fold_3,M12,7925d2cc-fbe6-464b-b153-9adbdaa5aaf9.jpg,drop,"0,4905028868",outputs/oof_official_image_audit/review_image_pairs/0097_drop_0.491_7925d2cc-fbe6-464b-b153-9adbdaa5aaf9.jpg,TRUE,FALSE,FALSE,FALSE,Quốc Huy,
98,fold_2,M13,00a11c13-ceac-5c0a-ad8f-e895d5f30dde.jpg,drop,"0,4898847947",outputs/oof_official_image_audit/review_image_pairs/0098_drop_0.490_00a11c13-ceac-5c0a-ad8f-e895d5f30dde.jpg,TRUE,FALSE,FALSE,FALSE,Quốc Huy,
102,fold_3,M12,3875e3a4-da38-46f3-a469-4018034e5701.jpg,drop,"0,4772727273",outputs/oof_official_image_audit/review_image_pairs/0102_drop_0.477_3875e3a4-da38-46f3-a469-4018034e5701.jpg,TRUE,FALSE,FALSE,FALSE,Quốc Huy,
104,fold_2,M13,95843d53-6069-4dbb-8b92-3ef960f26ee8.jpg,drop,"0,4716666667",outputs/oof_official_image_audit/review_image_pairs/0104_drop_0.472_95843d53-6069-4dbb-8b92-3ef960f26ee8.jpg,TRUE,FALSE,FALSE,FALSE,Quốc Huy,
105,fold_3,M12,26a7be42-5454-4bea-9cd5-06c3e0ae5d3a.jpg,drop,"0,4706337718",outputs/oof_official_image_audit/review_image_pairs/0105_drop_0.471_26a7be42-5454-4bea-9cd5-06c3e0ae5d3a.jpg,TRUE,FALSE,FALSE,FALSE,Quốc Huy,
111,fold_1,M23,fb81b767-6253-43ec-b66a-8f4b068decec.jpg,drop,"0,4551383399",outputs/oof_official_image_audit/review_image_pairs/0111_drop_0.455_fb81b767-6253-43ec-b66a-8f4b068decec.jpg,FALSE,TRUE,FALSE,FALSE,Quốc Huy,
126,fold_2,M13,d5f983c0-6bfd-4cff-9505-2114e36360bc.jpg,drop,"0,4428855708",outputs/oof_official_image_audit/review_image_pairs/0126_drop_0.443_d5f983c0-6bfd-4cff-9505-2114e36360bc.jpg,TRUE,FALSE,FALSE,FALSE,Quốc Huy,
132,fold_1,M23,8766c638-8289-46be-999d-cfbd98e22ca6.jpg,drop,"0,4332000584",outputs/oof_official_image_audit/review_image_pairs/0132_drop_0.433_8766c638-8289-46be-999d-cfbd98e22ca6.jpg,FALSE,TRUE,FALSE,FALSE,Quốc Huy,
159,fold_1,M23,c60f03be-05eb-4d04-8a77-d200f6a3ee7d.jpg,drop,"0,4017516979",outputs/oof_official_image_audit/review_image_pairs/0159_drop_0.402_c60f03be-05eb-4d04-8a77-d200f6a3ee7d.jpg,TRUE,FALSE,FALSE,FALSE,Quốc Huy,
162,fold_1,M23,a7dcee9a-6e3f-46e4-8fcb-5533d8ef0843.jpg,review,"0,397012987",outputs/oof_official_image_audit/review_image_pairs/0162_review_0.397_a7dcee9a-6e3f-46e4-8fcb-5533d8ef0843.jpg,TRUE,FALSE,FALSE,FALSE,Quốc Huy,
183,fold_2,M13,e46c3f9b-10a2-44f4-a861-850f71602cf6.jpg,review,"0,3721916823",outputs/oof_official_image_audit/review_image_pairs/0183_review_0.372_e46c3f9b-10a2-44f4-a861-850f71602cf6.jpg,TRUE,FALSE,FALSE,FALSE,Quốc Huy,
202,fold_1,M23,302de972-828c-4e0c-b642-943fc62e0fd3.jpg,review,"0,3558642591",outputs/oof_official_image_audit/review_image_pairs/0202_review_0.356_302de972-828c-4e0c-b642-943fc62e0fd3.jpg,TRUE,FALSE,FALSE,FALSE,Bảo,
205,fold_1,M23,29229ebb-988b-4f03-8d2a-75007faaa5f4.jpg,review,"0,3542205063",outputs/oof_official_image_audit/review_image_pairs/0205_review_0.354_29229ebb-988b-4f03-8d2a-75007faaa5f4.jpg,TRUE,FALSE,FALSE,FALSE,Bảo,
206,fold_3,M12,84fce83f-d6cc-54ae-8ba6-27af7f89be45.jpg,review,"0,3539826913",outputs/oof_official_image_audit/review_image_pairs/0206_review_0.354_84fce83f-d6cc-54ae-8ba6-27af7f89be45.jpg,TRUE,FALSE,FALSE,FALSE,Bảo,
208,fold_3,M12,53be618f-cff8-40d5-a0ee-4517a62fdffc.jpg,review,"0,3537523654",outputs/oof_official_image_audit/review_image_pairs/0208_review_0.354_53be618f-cff8-40d5-a0ee-4517a62fdffc.jpg,TRUE,FALSE,FALSE,FALSE,Bảo,
209,fold_2,M13,cd458285-33aa-5ffe-8d32-45ab294cdb16.jpg,review,"0,3530862756",outputs/oof_official_image_audit/review_image_pairs/0209_review_0.353_cd458285-33aa-5ffe-8d32-45ab294cdb16.jpg,TRUE,FALSE,FALSE,FALSE,Bảo,
210,fold_3,M12,5b016107-c471-4ef9-90c4-3b06112582d1.jpg,review,"0,3530821918",outputs/oof_official_image_audit/review_image_pairs/0210_review_0.353_5b016107-c471-4ef9-90c4-3b06112582d1.jpg,TRUE,FALSE,FALSE,FALSE,Bảo,
213,fold_1,M23,c3aefb70-4c87-55c2-a16e-68b2d5a297ac.jpg,review,"0,3495390675",outputs/oof_official_image_audit/review_image_pairs/0213_review_0.350_c3aefb70-4c87-55c2-a16e-68b2d5a297ac.jpg,TRUE,FALSE,FALSE,FALSE,Bảo,
216,fold_2,M13,36f98fdd-e96b-4ae4-8ab5-21171b446a50.jpg,review,"0,3467113004",outputs/oof_official_image_audit/review_image_pairs/0216_review_0.347_36f98fdd-e96b-4ae4-8ab5-21171b446a50.jpg,FALSE,TRUE,FALSE,FALSE,Bảo,
219,fold_3,M12,e443fde5-a0ed-4804-b64e-7c9018693371.jpg,review,"0,3453544141",outputs/oof_official_image_audit/review_image_pairs/0219_review_0.345_e443fde5-a0ed-4804-b64e-7c9018693371.jpg,TRUE,FALSE,FALSE,FALSE,Bảo,
220,fold_1,M23,ee7f0b47-59fb-54c8-b7a1-d6ec44627e0a.jpg,review,"0,3444464263",outputs/oof_official_image_audit/review_image_pairs/0220_review_0.344_ee7f0b47-59fb-54c8-b7a1-d6ec44627e0a.jpg,TRUE,FALSE,FALSE,FALSE,Bảo,
221,fold_2,M13,fe35fb2a-1dc1-481f-ae23-f00699f362b6.jpg,review,"0,3426631074",outputs/oof_official_image_audit/review_image_pairs/0221_review_0.343_fe35fb2a-1dc1-481f-ae23-f00699f362b6.jpg,TRUE,FALSE,FALSE,FALSE,Bảo,
224,fold_2,M13,045cd080-8505-5a4f-aec7-e8ec4524680f.jpg,review,"0,3405942699",outputs/oof_official_image_audit/review_image_pairs/0224_review_0.341_045cd080-8505-5a4f-aec7-e8ec4524680f.jpg,TRUE,FALSE,FALSE,FALSE,Bảo,
229,fold_2,M13,0dd99e29-a643-45b6-8ff4-89c6dcce88df.jpg,review,"0,3369976684",outputs/oof_official_image_audit/review_image_pairs/0229_review_0.337_0dd99e29-a643-45b6-8ff4-89c6dcce88df.jpg,TRUE,FALSE,FALSE,FALSE,Bảo,
230,fold_2,M13,872679f4-07a0-4e31-8c31-7dddbd14c43f.jpg,review,"0,3368456122",outputs/oof_official_image_audit/review_image_pairs/0230_review_0.337_872679f4-07a0-4e31-8c31-7dddbd14c43f.jpg,TRUE,FALSE,FALSE,FALSE,Bảo,
232,fold_2,M13,fa44549a-a1e4-53cc-acee-3a2b6233cd5e.jpg,review,"0,3349114269",outputs/oof_official_image_audit/review_image_pairs/0232_review_0.335_fa44549a-a1e4-53cc-acee-3a2b6233cd5e.jpg,TRUE,FALSE,FALSE,FALSE,Bảo,
233,fold_1,M23,9fc02f14-8feb-40c2-953d-cd54a065b368.jpg,review,"0,3342816711",outputs/oof_official_image_audit/review_image_pairs/0233_review_0.334_9fc02f14-8feb-40c2-953d-cd54a065b368.jpg,TRUE,FALSE,FALSE,FALSE,Bảo,
234,fold_3,M12,13e5999b-2046-53f0-99ec-00e05dcf716c.jpg,review,"0,3338755947",outputs/oof_official_image_audit/review_image_pairs/0234_review_0.334_13e5999b-2046-53f0-99ec-00e05dcf716c.jpg,TRUE,FALSE,FALSE,FALSE,Bảo,
235,fold_2,M13,4cbe45e3-5ae7-5b77-8428-6aefcbd782e5.jpg,review,"0,3334513559",outputs/oof_official_image_audit/review_image_pairs/0235_review_0.333_4cbe45e3-5ae7-5b77-8428-6aefcbd782e5.jpg,TRUE,FALSE,FALSE,FALSE,Bảo,
236,fold_2,M13,edb017ba-0439-46cf-a6f0-c7da25ff20e9.jpg,review,"0,333109897",outputs/oof_official_image_audit/review_image_pairs/0236_review_0.333_edb017ba-0439-46cf-a6f0-c7da25ff20e9.jpg,FALSE,TRUE,FALSE,FALSE,Bảo,
237,fold_1,M23,aa8d306a-505c-438d-920c-b8a5a5a6c9de.jpg,review,"0,3315037823",outputs/oof_official_image_audit/review_image_pairs/0237_review_0.332_aa8d306a-505c-438d-920c-b8a5a5a6c9de.jpg,TRUE,FALSE,FALSE,FALSE,Bảo,
241,fold_2,M13,b642159e-0d2d-4005-921d-1e22edfd45c5.jpg,review,"0,3285419157",outputs/oof_official_image_audit/review_image_pairs/0241_review_0.329_b642159e-0d2d-4005-921d-1e22edfd45c5.jpg,TRUE,FALSE,FALSE,FALSE,Bảo,
242,fold_1,M23,1e01fcc4-dbcb-4ebe-abc0-e4a382841021.jpg,review,"0,3283221024",outputs/oof_official_image_audit/review_image_pairs/0242_review_0.328_1e01fcc4-dbcb-4ebe-abc0-e4a382841021.jpg,TRUE,FALSE,FALSE,FALSE,Bảo,
243,fold_1,M23,94aefe28-a292-5c4c-bce2-fb43e1876854.jpg,review,"0,3281156165",outputs/oof_official_image_audit/review_image_pairs/0243_review_0.328_94aefe28-a292-5c4c-bce2-fb43e1876854.jpg,TRUE,FALSE,FALSE,FALSE,Bảo,
245,fold_1,M23,47ca0b29-b0d7-517e-93ce-c8c9b7e3d698.jpg,review,"0,3270425489",outputs/oof_official_image_audit/review_image_pairs/0245_review_0.327_47ca0b29-b0d7-517e-93ce-c8c9b7e3d698.jpg,TRUE,FALSE,FALSE,FALSE,Bảo,
247,fold_1,M23,ed60f7f1-80c6-4a07-b896-0152fdafce79.jpg,review,"0,32625",outputs/oof_official_image_audit/review_image_pairs/0247_review_0.326_ed60f7f1-80c6-4a07-b896-0152fdafce79.jpg,TRUE,FALSE,FALSE,FALSE,Bảo,
249,fold_2,M13,b28ecda4-f13f-4cad-bb04-8196d46b8696.jpg,review,"0,3250151458",outputs/oof_official_image_audit/review_image_pairs/0249_review_0.325_b28ecda4-f13f-4cad-bb04-8196d46b8696.jpg,TRUE,FALSE,FALSE,FALSE,Bảo,
250,fold_1,M23,eb2312ad-8b0a-4dac-a3cf-2e7662899c2b.jpg,review,"0,3244888665",outputs/oof_official_image_audit/review_image_pairs/0250_review_0.324_eb2312ad-8b0a-4dac-a3cf-2e7662899c2b.jpg,TRUE,FALSE,FALSE,FALSE,Bảo,
251,fold_3,M12,5d63096a-c8f7-514e-bb63-8a11f14bef18.jpg,review,"0,3242325701",outputs/oof_official_image_audit/review_image_pairs/0251_review_0.324_5d63096a-c8f7-514e-bb63-8a11f14bef18.jpg,FALSE,TRUE,FALSE,FALSE,Bảo,
252,fold_3,M12,3aa081eb-13c8-5eb5-baf1-7178d479bf1d.jpg,review,"0,3229115812",outputs/oof_official_image_audit/review_image_pairs/0252_review_0.323_3aa081eb-13c8-5eb5-baf1-7178d479bf1d.jpg,TRUE,FALSE,FALSE,FALSE,Bảo,
254,fold_3,M12,132dd201-e14f-5eb9-a8f7-417793a199a8.jpg,review,"0,3216602296",outputs/oof_official_image_audit/review_image_pairs/0254_review_0.322_132dd201-e14f-5eb9-a8f7-417793a199a8.jpg,TRUE,FALSE,FALSE,FALSE,Bảo,
255,fold_2,M13,5914e7ea-b102-497f-97ab-5e355d396825.jpg,review,"0,3211216045",outputs/oof_official_image_audit/review_image_pairs/0255_review_0.321_5914e7ea-b102-497f-97ab-5e355d396825.jpg,TRUE,FALSE,FALSE,FALSE,Bảo,
256,fold_2,M13,9d79760c-3cb0-5377-b651-8e35d0341d7c.jpg,review,"0,3206645034",outputs/oof_official_image_audit/review_image_pairs/0256_review_0.321_9d79760c-3cb0-5377-b651-8e35d0341d7c.jpg,TRUE,FALSE,FALSE,FALSE,Bảo,
257,fold_1,M23,1d0c0bfa-2bc7-5b28-abb2-010a22f0a459.jpg,review,"0,3201686343",outputs/oof_official_image_audit/review_image_pairs/0257_review_0.320_1d0c0bfa-2bc7-5b28-abb2-010a22f0a459.jpg,TRUE,FALSE,FALSE,FALSE,Bảo,
259,fold_1,M23,25034566-3f8f-5d6f-b95f-895806e8e9a3.jpg,review,"0,3189622372",outputs/oof_official_image_audit/review_image_pairs/0259_review_0.319_25034566-3f8f-5d6f-b95f-895806e8e9a3.jpg,TRUE,FALSE,FALSE,FALSE,Bảo,
260,fold_1,M23,422032b8-63d4-5343-94d8-62503a5de078.jpg,review,"0,3189166667",outputs/oof_official_image_audit/review_image_pairs/0260_review_0.319_422032b8-63d4-5343-94d8-62503a5de078.jpg,FALSE,TRUE,FALSE,FALSE,Bảo,
261,fold_2,M13,2de1bceb-bcc3-5ccb-9f57-49cb5cfd7676.jpg,review,"0,3178893035",outputs/oof_official_image_audit/review_image_pairs/0261_review_0.318_2de1bceb-bcc3-5ccb-9f57-49cb5cfd7676.jpg,TRUE,FALSE,FALSE,FALSE,Bảo,
262,fold_1,M23,b28c6c87-b7fa-5b46-89e0-042b37a64d8c.jpg,review,"0,3178455558",outputs/oof_official_image_audit/review_image_pairs/0262_review_0.318_b28c6c87-b7fa-5b46-89e0-042b37a64d8c.jpg,TRUE,FALSE,FALSE,FALSE,Bảo,
264,fold_2,M13,9d047690-c9e0-5ed8-86ba-8e7cfe210ae1.jpg,review,"0,3166636287",outputs/oof_official_image_audit/review_image_pairs/0264_review_0.317_9d047690-c9e0-5ed8-86ba-8e7cfe210ae1.jpg,TRUE,FALSE,FALSE,FALSE,Bảo,
270,fold_3,M12,bbed68e2-1425-4293-a053-b5222a7a3cd8.jpg,review,"0,3155770017",outputs/oof_official_image_audit/review_image_pairs/0270_review_0.316_bbed68e2-1425-4293-a053-b5222a7a3cd8.jpg,TRUE,FALSE,FALSE,FALSE,Bảo,
272,fold_1,M23,fe22a0e0-10ab-5a51-8879-81e0e2433b22.jpg,review,"0,3148260708",outputs/oof_official_image_audit/review_image_pairs/0272_review_0.315_fe22a0e0-10ab-5a51-8879-81e0e2433b22.jpg,FALSE,TRUE,FALSE,FALSE,Bảo,
273,fold_2,M13,797dc6d5-174c-4b29-ab11-0706c92554bc.jpg,review,"0,3137780072",outputs/oof_official_image_audit/review_image_pairs/0273_review_0.314_797dc6d5-174c-4b29-ab11-0706c92554bc.jpg,TRUE,FALSE,FALSE,FALSE,Bảo,
274,fold_1,M23,32d899aa-c8b1-4553-b22f-1a61d0488441.jpg,review,"0,3135762831",outputs/oof_official_image_audit/review_image_pairs/0274_review_0.314_32d899aa-c8b1-4553-b22f-1a61d0488441.jpg,TRUE,FALSE,FALSE,FALSE,Bảo,
275,fold_3,M12,2a24f354-7339-443b-9492-922864c70c2a.jpg,review,"0,3134056732",outputs/oof_official_image_audit/review_image_pairs/0275_review_0.313_2a24f354-7339-443b-9492-922864c70c2a.jpg,TRUE,FALSE,FALSE,FALSE,Bảo,
276,fold_3,M12,8af6313b-7119-5fce-9a1b-69c785ffaa1b.jpg,review,"0,3133687896",outputs/oof_official_image_audit/review_image_pairs/0276_review_0.313_8af6313b-7119-5fce-9a1b-69c785ffaa1b.jpg,TRUE,FALSE,FALSE,FALSE,Bảo,
277,fold_2,M13,35294331-cdb3-57f3-b2a1-97d11981dea4.jpg,review,"0,3130681818",outputs/oof_official_image_audit/review_image_pairs/0277_review_0.313_35294331-cdb3-57f3-b2a1-97d11981dea4.jpg,TRUE,FALSE,FALSE,FALSE,Bảo,
284,fold_2,M13,247554cf-4d76-4a85-9734-bcf7d9b66812.jpg,review,"0,3098188789",outputs/oof_official_image_audit/review_image_pairs/0284_review_0.310_247554cf-4d76-4a85-9734-bcf7d9b66812.jpg,TRUE,FALSE,FALSE,FALSE,Bảo,
285,fold_3,M12,deb3984f-05b2-5548-9112-1b93e6c93714.jpg,review,"0,3092421941",outputs/oof_official_image_audit/review_image_pairs/0285_review_0.309_deb3984f-05b2-5548-9112-1b93e6c93714.jpg,FALSE,TRUE,FALSE,FALSE,Bảo,
287,fold_2,M13,25c0e8eb-aae7-503f-a1cb-0e75978a8d6b.jpg,review,"0,3071765576",outputs/oof_official_image_audit/review_image_pairs/0287_review_0.307_25c0e8eb-aae7-503f-a1cb-0e75978a8d6b.jpg,TRUE,FALSE,FALSE,FALSE,Bảo,
288,fold_2,M13,31a4c042-d4ba-5226-8f4a-f49a69684d78.jpg,review,"0,3063705193",outputs/oof_official_image_audit/review_image_pairs/0288_review_0.306_31a4c042-d4ba-5226-8f4a-f49a69684d78.jpg,TRUE,FALSE,FALSE,FALSE,Bảo,
289,fold_2,M13,73ae3983-d41a-47d4-97dc-0843f1125c39.jpg,review,"0,3055647293",outputs/oof_official_image_audit/review_image_pairs/0289_review_0.306_73ae3983-d41a-47d4-97dc-0843f1125c39.jpg,TRUE,FALSE,FALSE,FALSE,Bảo,
290,fold_3,M12,5ee2046f-1a0d-58b2-8997-ef1e17ba3f14.jpg,review,"0,3054467042",outputs/oof_official_image_audit/review_image_pairs/0290_review_0.305_5ee2046f-1a0d-58b2-8997-ef1e17ba3f14.jpg,TRUE,FALSE,FALSE,FALSE,Bảo,
291,fold_3,M12,5af0634d-fa6c-4af1-b7c3-51e348603014.jpg,review,"0,3048827487",outputs/oof_official_image_audit/review_image_pairs/0291_review_0.305_5af0634d-fa6c-4af1-b7c3-51e348603014.jpg,TRUE,FALSE,FALSE,FALSE,Bảo,
295,fold_1,M23,397171c5-7e0b-55b4-88a0-beb98550c0ba.jpg,review,"0,3028871004",outputs/oof_official_image_audit/review_image_pairs/0295_review_0.303_397171c5-7e0b-55b4-88a0-beb98550c0ba.jpg,TRUE,FALSE,FALSE,FALSE,Bảo,
297,fold_2,M13,88d48373-d0c2-5e23-9c8b-c21ee23b098e.jpg,review,"0,3021169521",outputs/oof_official_image_audit/review_image_pairs/0297_review_0.302_88d48373-d0c2-5e23-9c8b-c21ee23b098e.jpg,TRUE,FALSE,FALSE,FALSE,Bảo,
298,fold_1,M23,35f4140a-b8e7-47a4-97c0-60fbad0d61e4.jpg,review,"0,3018710764",outputs/oof_official_image_audit/review_image_pairs/0298_review_0.302_35f4140a-b8e7-47a4-97c0-60fbad0d61e4.jpg,TRUE,FALSE,FALSE,FALSE,Bảo,
299,fold_1,M23,a5179b76-7fd6-4d9a-a546-26b75d94d402.jpg,review,"0,3015892402",outputs/oof_official_image_audit/review_image_pairs/0299_review_0.302_a5179b76-7fd6-4d9a-a546-26b75d94d402.jpg,TRUE,FALSE,FALSE,FALSE,Bảo,
301,fold_3,M12,26cc6043-6826-48f2-9b1b-1f47cd42c7e5.jpg,review,"0,3004331767",outputs/oof_official_image_audit/review_image_pairs/0301_review_0.300_26cc6043-6826-48f2-9b1b-1f47cd42c7e5.jpg,TRUE,FALSE,FALSE,FALSE,Bảo,
305,fold_3,M12,526df174-ae15-5f8a-8102-51f64fa92ef0.jpg,review,"0,2985338263",outputs/oof_official_image_audit/review_image_pairs/0305_review_0.299_526df174-ae15-5f8a-8102-51f64fa92ef0.jpg,TRUE,FALSE,FALSE,FALSE,Bảo,
306,fold_3,M12,d5c5b67f-7d0d-485a-b00e-75fc3fcb4577.jpg,review,"0,2983989332",outputs/oof_official_image_audit/review_image_pairs/0306_review_0.298_d5c5b67f-7d0d-485a-b00e-75fc3fcb4577.jpg,TRUE,FALSE,FALSE,FALSE,Bảo,
307,fold_3,M12,12612322-1686-4d4a-9d29-c71a27a01cfa.jpg,review,"0,2980641793",outputs/oof_official_image_audit/review_image_pairs/0307_review_0.298_12612322-1686-4d4a-9d29-c71a27a01cfa.jpg,TRUE,FALSE,FALSE,FALSE,Bảo,
309,fold_1,M23,22bc6edb-5bc7-4b39-a700-1f5e906ae7fd.jpg,review,"0,2976778038",outputs/oof_official_image_audit/review_image_pairs/0309_review_0.298_22bc6edb-5bc7-4b39-a700-1f5e906ae7fd.jpg,TRUE,FALSE,FALSE,FALSE,Bảo,
314,fold_2,M13,2f3debb2-f3ea-49d2-943b-2d4cd26e5227.jpg,review,"0,2971845633",outputs/oof_official_image_audit/review_image_pairs/0314_review_0.297_2f3debb2-f3ea-49d2-943b-2d4cd26e5227.jpg,TRUE,FALSE,FALSE,FALSE,Bảo,
315,fold_3,M12,4eb2d6c1-daeb-5bb7-94f6-b89a7cb6d9d2.jpg,review,"0,2961082412",outputs/oof_official_image_audit/review_image_pairs/0315_review_0.296_4eb2d6c1-daeb-5bb7-94f6-b89a7cb6d9d2.jpg,TRUE,FALSE,FALSE,FALSE,Bảo,
316,fold_3,M12,b48ccdf7-033c-5702-89e1-bdcd55febd4b.jpg,review,"0,2948350902",outputs/oof_official_image_audit/review_image_pairs/0316_review_0.295_b48ccdf7-033c-5702-89e1-bdcd55febd4b.jpg,FALSE,TRUE,FALSE,FALSE,Bảo,
317,fold_2,M13,2876bd85-ad48-55ba-a4f4-b1dbd7c5d068.jpg,review,"0,2947994192",outputs/oof_official_image_audit/review_image_pairs/0317_review_0.295_2876bd85-ad48-55ba-a4f4-b1dbd7c5d068.jpg,TRUE,FALSE,FALSE,FALSE,Bảo,
318,fold_3,M12,6ab9b9af-b7fb-4c8b-886d-7caf6aa50fe1.jpg,review,"0,293409296",outputs/oof_official_image_audit/review_image_pairs/0318_review_0.293_6ab9b9af-b7fb-4c8b-886d-7caf6aa50fe1.jpg,TRUE,FALSE,FALSE,FALSE,Bảo,
320,fold_3,M12,318487f5-9f17-5ddc-90af-ed9086a95a17.jpg,review,"0,2927565125",outputs/oof_official_image_audit/review_image_pairs/0320_review_0.293_318487f5-9f17-5ddc-90af-ed9086a95a17.jpg,TRUE,FALSE,FALSE,FALSE,Bảo,
328,fold_2,M13,10a9e9c9-5279-496c-975c-3a9ea40b2856.jpg,review,"0,2894727244",outputs/oof_official_image_audit/review_image_pairs/0328_review_0.289_10a9e9c9-5279-496c-975c-3a9ea40b2856.jpg,TRUE,FALSE,FALSE,FALSE,Nguyên Huy,
329,fold_2,M13,842b04ad-ba37-54a2-9738-55975e33a371.jpg,review,"0,2872981396",outputs/oof_official_image_audit/review_image_pairs/0329_review_0.287_842b04ad-ba37-54a2-9738-55975e33a371.jpg,TRUE,FALSE,FALSE,FALSE,Nguyên Huy,
331,fold_3,M12,070f843b-9a08-4ecb-a22c-1f2e0780232c.jpg,review,"0,2870274954",outputs/oof_official_image_audit/review_image_pairs/0331_review_0.287_070f843b-9a08-4ecb-a22c-1f2e0780232c.jpg,TRUE,FALSE,FALSE,FALSE,Nguyên Huy,
333,fold_2,M13,1b472d64-97d3-4451-bc91-2d66c8beb2d9.jpg,review,"0,2861404563",outputs/oof_official_image_audit/review_image_pairs/0333_review_0.286_1b472d64-97d3-4451-bc91-2d66c8beb2d9.jpg,TRUE,FALSE,FALSE,FALSE,Nguyên Huy,
340,fold_1,M23,892acf2b-bd86-4717-9a13-1518f3c7a2da.jpg,review,"0,28296943",outputs/oof_official_image_audit/review_image_pairs/0340_review_0.283_892acf2b-bd86-4717-9a13-1518f3c7a2da.jpg,TRUE,FALSE,FALSE,FALSE,Nguyên Huy,
341,fold_1,M23,80e2ea7e-55ce-4279-ab78-b7fe018d230b.jpg,review,"0,2814547837",outputs/oof_official_image_audit/review_image_pairs/0341_review_0.281_80e2ea7e-55ce-4279-ab78-b7fe018d230b.jpg,TRUE,FALSE,FALSE,FALSE,Nguyên Huy,
343,fold_3,M12,c0910a61-fe08-40c9-96c0-05d86a5c2ba3.jpg,review,"0,2810215766",outputs/oof_official_image_audit/review_image_pairs/0343_review_0.281_c0910a61-fe08-40c9-96c0-05d86a5c2ba3.jpg,TRUE,FALSE,FALSE,FALSE,Nguyên Huy,
345,fold_1,M23,58e8d0b7-fb0b-5db8-a888-fe13e6530e7b.jpg,review,"0,2808951395",outputs/oof_official_image_audit/review_image_pairs/0345_review_0.281_58e8d0b7-fb0b-5db8-a888-fe13e6530e7b.jpg,TRUE,FALSE,FALSE,FALSE,Nguyên Huy,
351,fold_1,M23,213a0519-1290-570a-a040-daedc406d657.jpg,review,"0,2747191778",outputs/oof_official_image_audit/review_image_pairs/0351_review_0.275_213a0519-1290-570a-a040-daedc406d657.jpg,TRUE,FALSE,FALSE,FALSE,Nguyên Huy,
355,fold_1,M23,782c0c70-4478-44bb-8dbd-5237de9b5ae2.jpg,review,"0,2742229218",outputs/oof_official_image_audit/review_image_pairs/0355_review_0.274_782c0c70-4478-44bb-8dbd-5237de9b5ae2.jpg,TRUE,FALSE,FALSE,FALSE,Nguyên Huy,
360,fold_1,M23,207d9d97-c0d7-4d18-a36b-8078858399b8.jpg,review,"0,2729019778",outputs/oof_official_image_audit/review_image_pairs/0360_review_0.273_207d9d97-c0d7-4d18-a36b-8078858399b8.jpg,TRUE,FALSE,FALSE,FALSE,Nguyên Huy,
362,fold_1,M23,80848c7f-92ea-54e3-8150-aa95b100c62e.jpg,review,"0,2718637818",outputs/oof_official_image_audit/review_image_pairs/0362_review_0.272_80848c7f-92ea-54e3-8150-aa95b100c62e.jpg,TRUE,FALSE,FALSE,FALSE,Nguyên Huy,
363,fold_3,M12,c811ec32-0783-46f9-8521-51c5e4f6b451.jpg,review,"0,2713969135",outputs/oof_official_image_audit/review_image_pairs/0363_review_0.271_c811ec32-0783-46f9-8521-51c5e4f6b451.jpg,TRUE,FALSE,FALSE,FALSE,Nguyên Huy,
367,fold_1,M23,1f58c72c-4616-4719-a4d3-bf1c6140eb08.jpg,review,"0,269025974",outputs/oof_official_image_audit/review_image_pairs/0367_review_0.269_1f58c72c-4616-4719-a4d3-bf1c6140eb08.jpg,TRUE,FALSE,FALSE,FALSE,Nguyên Huy,
368,fold_1,M23,bbbb76c4-f7f0-564f-b273-17b704107104.jpg,review,"0,2688006154",outputs/oof_official_image_audit/review_image_pairs/0368_review_0.269_bbbb76c4-f7f0-564f-b273-17b704107104.jpg,TRUE,FALSE,FALSE,FALSE,Nguyên Huy,
375,fold_2,M13,2b4ccdbb-d157-5954-8996-da132c36017e.jpg,review,"0,265782563",outputs/oof_official_image_audit/review_image_pairs/0375_review_0.266_2b4ccdbb-d157-5954-8996-da132c36017e.jpg,TRUE,FALSE,FALSE,FALSE,Nguyên Huy,
376,fold_3,M12,53105fee-cdfb-5509-a296-7f5942338059.jpg,review,"0,2655480956",outputs/oof_official_image_audit/review_image_pairs/0376_review_0.266_53105fee-cdfb-5509-a296-7f5942338059.jpg,TRUE,FALSE,FALSE,FALSE,Nguyên Huy,
384,fold_3,M12,3ddd17f4-ab07-51f9-8ff7-72047e106efd.jpg,review,"0,2639723386",outputs/oof_official_image_audit/review_image_pairs/0384_review_0.264_3ddd17f4-ab07-51f9-8ff7-72047e106efd.jpg,TRUE,FALSE,FALSE,FALSE,Nguyên Huy,
386,fold_2,M13,91461595-47be-4569-99b7-0b0f6fc79cd9.jpg,review,"0,2635447519",outputs/oof_official_image_audit/review_image_pairs/0386_review_0.264_91461595-47be-4569-99b7-0b0f6fc79cd9.jpg,TRUE,FALSE,FALSE,FALSE,Nguyên Huy,
389,fold_3,M12,f0aa3345-b176-4bbe-b0e3-e57a5394885f.jpg,review,"0,2617045958",outputs/oof_official_image_audit/review_image_pairs/0389_review_0.262_f0aa3345-b176-4bbe-b0e3-e57a5394885f.jpg,TRUE,FALSE,FALSE,FALSE,Nguyên Huy,
393,fold_1,M23,ebb3322c-58a2-57a2-a3ee-7d6174bbb39a.jpg,review,"0,2611353141",outputs/oof_official_image_audit/review_image_pairs/0393_review_0.261_ebb3322c-58a2-57a2-a3ee-7d6174bbb39a.jpg,TRUE,FALSE,FALSE,FALSE,Nguyên Huy,
395,fold_2,M13,d391febd-0583-5627-a133-a84553678968.jpg,review,"0,2600619352",outputs/oof_official_image_audit/review_image_pairs/0395_review_0.260_d391febd-0583-5627-a133-a84553678968.jpg,TRUE,FALSE,FALSE,FALSE,Nguyên Huy,
397,fold_1,M23,ced18ec5-65fc-4fef-8ada-e021cb48efe6.jpg,review,"0,2591411171",outputs/oof_official_image_audit/review_image_pairs/0397_review_0.259_ced18ec5-65fc-4fef-8ada-e021cb48efe6.jpg,TRUE,FALSE,FALSE,FALSE,Nguyên Huy,
402,fold_2,M13,680f2f73-b769-4396-b0c2-d924e47ef46f.jpg,review,"0,2573925692",outputs/oof_official_image_audit/review_image_pairs/0402_review_0.257_680f2f73-b769-4396-b0c2-d924e47ef46f.jpg,TRUE,FALSE,FALSE,FALSE,Nguyên Huy,
404,fold_3,M12,1760a79b-084d-56c8-8e96-45429d31a99a.jpg,review,"0,2570054729",outputs/oof_official_image_audit/review_image_pairs/0404_review_0.257_1760a79b-084d-56c8-8e96-45429d31a99a.jpg,TRUE,FALSE,FALSE,FALSE,Nguyên Huy,
412,fold_2,M13,7ef06b21-934c-507d-ad8c-72482c5fad00.jpg,review,"0,2546706082",outputs/oof_official_image_audit/review_image_pairs/0412_review_0.255_7ef06b21-934c-507d-ad8c-72482c5fad00.jpg,TRUE,FALSE,FALSE,FALSE,Nguyên Huy,
415,fold_1,M23,597bcf5d-aaed-48d6-8927-c14da654213e.jpg,review,"0,2539518491",outputs/oof_official_image_audit/review_image_pairs/0415_review_0.254_597bcf5d-aaed-48d6-8927-c14da654213e.jpg,TRUE,FALSE,FALSE,FALSE,Nguyên Huy,
417,fold_1,M23,25203fea-d955-4fab-8cdd-d7bea8aa1925.jpg,review,"0,2533484701",outputs/oof_official_image_audit/review_image_pairs/0417_review_0.253_25203fea-d955-4fab-8cdd-d7bea8aa1925.jpg,TRUE,FALSE,FALSE,FALSE,Nguyên Huy,
426,fold_1,M23,7457fdaa-bcbd-544b-90f0-93874c5556c9.jpg,review,"0,2517506401",outputs/oof_official_image_audit/review_image_pairs/0426_review_0.252_7457fdaa-bcbd-544b-90f0-93874c5556c9.jpg,FALSE,TRUE,FALSE,FALSE,,
429,fold_1,M23,fbe9ffd0-be4a-54ec-a4a3-5b9e5904ff3f.jpg,review,"0,2509263541",outputs/oof_official_image_audit/review_image_pairs/0429_review_0.251_fbe9ffd0-be4a-54ec-a4a3-5b9e5904ff3f.jpg,FALSE,TRUE,FALSE,FALSE,Bbox sai,
437,fold_3,M12,19d825e4-c5b9-5262-9e76-770077dbc82a.jpg,review,"0,2475132279",outputs/oof_official_image_audit/review_image_pairs/0437_review_0.248_19d825e4-c5b9-5262-9e76-770077dbc82a.jpg,FALSE,TRUE,FALSE,FALSE,Bbox sai,
442,fold_2,M13,55411e45-5a5b-535b-a62e-fb31a8e652e3.jpg,review,"0,2469405551",outputs/oof_official_image_audit/review_image_pairs/0442_review_0.247_55411e45-5a5b-535b-a62e-fb31a8e652e3.jpg,FALSE,TRUE,FALSE,FALSE,,
445,fold_3,M12,43630810-06c6-4ab6-83a8-416c3680708e.jpg,review,"0,2459442643",outputs/oof_official_image_audit/review_image_pairs/0445_review_0.246_43630810-06c6-4ab6-83a8-416c3680708e.jpg,FALSE,TRUE,FALSE,FALSE,,
456,fold_1,M23,e1808133-425d-50ee-8461-fb18ba92a47d.jpg,review,"0,2427597818",outputs/oof_official_image_audit/review_image_pairs/0456_review_0.243_e1808133-425d-50ee-8461-fb18ba92a47d.jpg,TRUE,FALSE,FALSE,FALSE,,
458,fold_1,M23,c8261bdb-7745-43a0-8e4d-652524216972.jpg,review,"0,2412323519",outputs/oof_official_image_audit/review_image_pairs/0458_review_0.241_c8261bdb-7745-43a0-8e4d-652524216972.jpg,FALSE,TRUE,FALSE,FALSE,,
459,fold_1,M23,672756e1-b0ea-4168-b10c-cefbcb0924cc.jpg,review,"0,2410774909",outputs/oof_official_image_audit/review_image_pairs/0459_review_0.241_672756e1-b0ea-4168-b10c-cefbcb0924cc.jpg,FALSE,TRUE,FALSE,FALSE,Bbox sai,
472,fold_1,M23,06b05595-caa6-41ed-82b1-1a46947c00e1.jpg,review,"0,2368810536",outputs/oof_official_image_audit/review_image_pairs/0472_review_0.237_06b05595-caa6-41ed-82b1-1a46947c00e1.jpg,FALSE,TRUE,FALSE,FALSE,Bbox sai,
480,fold_1,M23,b4f54978-74fb-4de5-822f-565e8b0c5546.jpg,review,"0,2354169279",outputs/oof_official_image_audit/review_image_pairs/0480_review_0.235_b4f54978-74fb-4de5-822f-565e8b0c5546.jpg,TRUE,FALSE,FALSE,FALSE,,
487,fold_3,M12,6b8844fe-fee8-4f2b-9213-71830044d788.jpg,review,"0,2326056418",outputs/oof_official_image_audit/review_image_pairs/0487_review_0.233_6b8844fe-fee8-4f2b-9213-71830044d788.jpg,TRUE,FALSE,FALSE,FALSE,,
490,fold_1,M23,66add2ee-c743-4cea-b2c9-f2f3326f42da.jpg,review,"0,2323816057",outputs/oof_official_image_audit/review_image_pairs/0490_review_0.232_66add2ee-c743-4cea-b2c9-f2f3326f42da.jpg,FALSE,TRUE,FALSE,FALSE,,
493,fold_3,M12,0ee30f12-61cf-58f4-a078-d5464c1f29d5.jpg,review,"0,2317137097",outputs/oof_official_image_audit/review_image_pairs/0493_review_0.232_0ee30f12-61cf-58f4-a078-d5464c1f29d5.jpg,FALSE,TRUE,FALSE,FALSE,,
507,fold_2,M13,b8862a20-1f70-4281-a3fe-97461bbe0385.jpg,review,"0,229044152",outputs/oof_official_image_audit/review_image_pairs/0507_review_0.229_b8862a20-1f70-4281-a3fe-97461bbe0385.jpg,FALSE,TRUE,FALSE,FALSE,,
511,fold_1,M23,5e01477b-61e8-5309-b95c-851ae6c1649e.jpg,review,"0,2286814109",outputs/oof_official_image_audit/review_image_pairs/0511_review_0.229_5e01477b-61e8-5309-b95c-851ae6c1649e.jpg,FALSE,TRUE,FALSE,FALSE,,
514,fold_3,M12,2522fb54-aadd-4bd3-8d52-ccbf9bdd6faa.jpg,review,"0,2283406031",outputs/oof_official_image_audit/review_image_pairs/0514_review_0.228_2522fb54-aadd-4bd3-8d52-ccbf9bdd6faa.jpg,FALSE,TRUE,FALSE,FALSE,,
523,fold_3,M12,22e1bfc1-a677-5c3c-8487-c92aa2d8da94.jpg,review,"0,224994807",outputs/oof_official_image_audit/review_image_pairs/0523_review_0.225_22e1bfc1-a677-5c3c-8487-c92aa2d8da94.jpg,TRUE,FALSE,FALSE,FALSE,Hữu,
525,fold_2,M13,ff922fce-ae30-4fd9-a756-a07ed48db66c.jpg,review,"0,2243658735",outputs/oof_official_image_audit/review_image_pairs/0525_review_0.224_ff922fce-ae30-4fd9-a756-a07ed48db66c.jpg,TRUE,FALSE,FALSE,FALSE,Hữu,
529,fold_3,M12,28e7bc6a-9653-440c-aa72-861ef9a4c20a.jpg,review,"0,2237617965",outputs/oof_official_image_audit/review_image_pairs/0529_review_0.224_28e7bc6a-9653-440c-aa72-861ef9a4c20a.jpg,TRUE,FALSE,FALSE,FALSE,Hữu,
530,fold_2,M13,1dd9face-9e0d-4dac-9a3a-7e5302e2d39c.jpg,review,"0,2236736984",outputs/oof_official_image_audit/review_image_pairs/0530_review_0.224_1dd9face-9e0d-4dac-9a3a-7e5302e2d39c.jpg,TRUE,FALSE,FALSE,FALSE,Hữu,
531,fold_3,M12,099d0420-c2fd-570d-b511-8d0aa2bbb49a.jpg,review,"0,2236243294",outputs/oof_official_image_audit/review_image_pairs/0531_review_0.224_099d0420-c2fd-570d-b511-8d0aa2bbb49a.jpg,TRUE,FALSE,FALSE,FALSE,Hữu,
532,fold_1,M23,76df6cd2-dd5c-4ade-9945-c81cc18880ba.jpg,review,"0,2235565099",outputs/oof_official_image_audit/review_image_pairs/0532_review_0.224_76df6cd2-dd5c-4ade-9945-c81cc18880ba.jpg,TRUE,FALSE,FALSE,FALSE,Hữu,
533,fold_1,M23,18ff29fc-e921-4703-bdb5-da07f8ed6f0d.jpg,review,"0,2233399865",outputs/oof_official_image_audit/review_image_pairs/0533_review_0.223_18ff29fc-e921-4703-bdb5-da07f8ed6f0d.jpg,FALSE,TRUE,FALSE,FALSE,Hữu,
534,fold_3,M12,2db9cd3d-463b-4c01-a3bb-fbd173e0318b.jpg,review,"0,2233368298",outputs/oof_official_image_audit/review_image_pairs/0534_review_0.223_2db9cd3d-463b-4c01-a3bb-fbd173e0318b.jpg,TRUE,FALSE,FALSE,FALSE,Hữu,
535,fold_2,M13,fe0fbe34-e5ba-516e-8d64-78a334f880b3.jpg,review,"0,2232794709",outputs/oof_official_image_audit/review_image_pairs/0535_review_0.223_fe0fbe34-e5ba-516e-8d64-78a334f880b3.jpg,TRUE,FALSE,FALSE,FALSE,Hữu,
541,fold_3,M12,a6d976b0-60c3-591d-b5ab-45fb437ebcd1.jpg,review,"0,2223917869",outputs/oof_official_image_audit/review_image_pairs/0541_review_0.222_a6d976b0-60c3-591d-b5ab-45fb437ebcd1.jpg,TRUE,FALSE,FALSE,FALSE,Hữu,
545,fold_1,M23,e7b4c1da-77f6-48e5-95f1-155609a59f5a.jpg,review,"0,2205713974",outputs/oof_official_image_audit/review_image_pairs/0545_review_0.221_e7b4c1da-77f6-48e5-95f1-155609a59f5a.jpg,TRUE,FALSE,FALSE,FALSE,Hữu,
546,fold_2,M13,978f4b22-f17e-5688-ae1d-ba7c5f9bef98.jpg,review,"0,2202537238",outputs/oof_official_image_audit/review_image_pairs/0546_review_0.220_978f4b22-f17e-5688-ae1d-ba7c5f9bef98.jpg,TRUE,FALSE,FALSE,FALSE,Hữu,
547,fold_1,M23,e3fc4c3c-b8f8-4cc4-8f25-23c187583ed6.jpg,review,"0,2198693969",outputs/oof_official_image_audit/review_image_pairs/0547_review_0.220_e3fc4c3c-b8f8-4cc4-8f25-23c187583ed6.jpg,FALSE,TRUE,FALSE,FALSE,Hữu,
548,fold_1,M23,347d94f6-3a45-4cfc-98b3-3b8f15abfa01.jpg,review,"0,2192319648",outputs/oof_official_image_audit/review_image_pairs/0548_review_0.219_347d94f6-3a45-4cfc-98b3-3b8f15abfa01.jpg,TRUE,FALSE,FALSE,FALSE,Hữu,
549,fold_3,M12,05ec01bf-0229-54d4-8805-ec082c520f65.jpg,review,"0,2191178058",outputs/oof_official_image_audit/review_image_pairs/0549_review_0.219_05ec01bf-0229-54d4-8805-ec082c520f65.jpg,TRUE,FALSE,FALSE,FALSE,Hữu,
551,fold_3,M12,65bc7b72-5152-5925-a37b-4a1bf8a86e4f.jpg,review,"0,2186791246",outputs/oof_official_image_audit/review_image_pairs/0551_review_0.219_65bc7b72-5152-5925-a37b-4a1bf8a86e4f.jpg,TRUE,FALSE,FALSE,FALSE,Hữu,
553,fold_2,M13,11981793-f19f-45b7-a249-b1acc79bbb9f.jpg,review,"0,217692616",outputs/oof_official_image_audit/review_image_pairs/0553_review_0.218_11981793-f19f-45b7-a249-b1acc79bbb9f.jpg,TRUE,FALSE,FALSE,FALSE,Hữu,
554,fold_2,M13,fbabbd7a-78c2-53a0-ac39-df64a9e432c4.jpg,review,"0,2176561881",outputs/oof_official_image_audit/review_image_pairs/0554_review_0.218_fbabbd7a-78c2-53a0-ac39-df64a9e432c4.jpg,TRUE,FALSE,FALSE,FALSE,Hữu,
556,fold_3,M12,14957515-f0ac-5b3e-b2be-4ea933bea419.jpg,review,"0,216992588",outputs/oof_official_image_audit/review_image_pairs/0556_review_0.217_14957515-f0ac-5b3e-b2be-4ea933bea419.jpg,TRUE,FALSE,FALSE,FALSE,Hữu,
558,fold_3,M12,0383d0f3-d7fb-4a88-aa04-5ce9aa47010b.jpg,review,"0,2165523378",outputs/oof_official_image_audit/review_image_pairs/0558_review_0.217_0383d0f3-d7fb-4a88-aa04-5ce9aa47010b.jpg,TRUE,FALSE,FALSE,FALSE,Hữu,
565,fold_1,M23,bff0d665-13ec-539b-850a-63a44068f639.jpg,review,"0,2142571629",outputs/oof_official_image_audit/review_image_pairs/0565_review_0.214_bff0d665-13ec-539b-850a-63a44068f639.jpg,TRUE,FALSE,FALSE,FALSE,Hữu,
566,fold_3,M12,9d5b91ab-61d1-5e75-92dc-2a004fcb4612.jpg,review,"0,2142370824",outputs/oof_official_image_audit/review_image_pairs/0566_review_0.214_9d5b91ab-61d1-5e75-92dc-2a004fcb4612.jpg,TRUE,FALSE,FALSE,FALSE,Hữu,
567,fold_3,M12,65112c52-2d38-4d43-a00b-9de1eb1e123b.jpg,review,"0,2142067224",outputs/oof_official_image_audit/review_image_pairs/0567_review_0.214_65112c52-2d38-4d43-a00b-9de1eb1e123b.jpg,TRUE,FALSE,FALSE,FALSE,Hữu,
568,fold_3,M12,9a9e7a7c-9c9a-4506-85ee-1c00c8263a45.jpg,review,"0,2140775654",outputs/oof_official_image_audit/review_image_pairs/0568_review_0.214_9a9e7a7c-9c9a-4506-85ee-1c00c8263a45.jpg,TRUE,FALSE,FALSE,FALSE,Hữu,
569,fold_2,M13,089cba56-17f1-4cd8-bfb7-ed7b591e2aae.jpg,review,"0,213787136",outputs/oof_official_image_audit/review_image_pairs/0569_review_0.214_089cba56-17f1-4cd8-bfb7-ed7b591e2aae.jpg,TRUE,FALSE,FALSE,FALSE,Hữu,
571,fold_3,M12,466e64b2-e10c-43f8-aba4-45d744a9f004.jpg,review,"0,213693009",outputs/oof_official_image_audit/review_image_pairs/0571_review_0.214_466e64b2-e10c-43f8-aba4-45d744a9f004.jpg,TRUE,FALSE,FALSE,FALSE,Hữu,
572,fold_1,M23,e89c90ed-759f-5735-83f7-b9e983698a0a.jpg,review,"0,2133806652",outputs/oof_official_image_audit/review_image_pairs/0572_review_0.213_e89c90ed-759f-5735-83f7-b9e983698a0a.jpg,TRUE,FALSE,TRUE,FALSE,Hữu,
574,fold_3,M12,2c32de01-de4f-4392-882e-35e1a277f16f.jpg,review,"0,2118439616",outputs/oof_official_image_audit/review_image_pairs/0574_review_0.212_2c32de01-de4f-4392-882e-35e1a277f16f.jpg,TRUE,FALSE,FALSE,FALSE,Hữu,
575,fold_1,M23,1c5cd7ed-74e0-5820-b4aa-a32d9368535e.jpg,review,"0,210582067",outputs/oof_official_image_audit/review_image_pairs/0575_review_0.211_1c5cd7ed-74e0-5820-b4aa-a32d9368535e.jpg,TRUE,FALSE,FALSE,FALSE,Hữu,
577,fold_3,M12,9a1a89b6-2c4c-49ef-ab83-4098257f36d9.jpg,review,"0,2101217384",outputs/oof_official_image_audit/review_image_pairs/0577_review_0.210_9a1a89b6-2c4c-49ef-ab83-4098257f36d9.jpg,TRUE,FALSE,FALSE,FALSE,Hữu,
578,fold_3,M12,19db0ad5-f5c4-4dc8-9852-60f8f9b4e37d.jpg,review,"0,2097675902",outputs/oof_official_image_audit/review_image_pairs/0578_review_0.210_19db0ad5-f5c4-4dc8-9852-60f8f9b4e37d.jpg,TRUE,FALSE,FALSE,FALSE,Hữu,
581,fold_3,M12,7bd45413-5209-4283-9bfe-119eadcf9f48.jpg,review,"0,2088466417",outputs/oof_official_image_audit/review_image_pairs/0581_review_0.209_7bd45413-5209-4283-9bfe-119eadcf9f48.jpg,TRUE,FALSE,FALSE,FALSE,Hữu,
583,fold_2,M13,f336d505-6afb-590f-b455-37f718bd8e9a.jpg,review,"0,2086212533",outputs/oof_official_image_audit/review_image_pairs/0583_review_0.209_f336d505-6afb-590f-b455-37f718bd8e9a.jpg,TRUE,FALSE,FALSE,FALSE,Hữu,
584,fold_2,M13,47bd29e5-f920-43cb-a46a-be0ad6b7f57f.jpg,review,"0,2084740991",outputs/oof_official_image_audit/review_image_pairs/0584_review_0.208_47bd29e5-f920-43cb-a46a-be0ad6b7f57f.jpg,TRUE,FALSE,FALSE,FALSE,Hữu,
585,fold_3,M12,84a1bb58-566e-5434-b4df-c80244071e87.jpg,review,"0,208453602",outputs/oof_official_image_audit/review_image_pairs/0585_review_0.208_84a1bb58-566e-5434-b4df-c80244071e87.jpg,TRUE,FALSE,FALSE,FALSE,Hữu,
591,fold_2,M13,bced29eb-1d38-4496-9470-d1d6b5aada96.jpg,review,"0,2059229099",outputs/oof_official_image_audit/review_image_pairs/0591_review_0.206_bced29eb-1d38-4496-9470-d1d6b5aada96.jpg,TRUE,FALSE,FALSE,FALSE,Hữu,
595,fold_1,M23,c5282bb8-38ef-4646-a67a-835748405150.jpg,review,"0,2051577415",outputs/oof_official_image_audit/review_image_pairs/0595_review_0.205_c5282bb8-38ef-4646-a67a-835748405150.jpg,TRUE,FALSE,FALSE,FALSE,Hữu,
596,fold_3,M12,762c7d07-a97c-586b-9559-0b9ebcd46ffb.jpg,review,"0,2049960032",outputs/oof_official_image_audit/review_image_pairs/0596_review_0.205_762c7d07-a97c-586b-9559-0b9ebcd46ffb.jpg,TRUE,FALSE,FALSE,FALSE,Hữu,
597,fold_3,M12,09af3742-58c2-4e56-8428-16f154aa06db.jpg,review,"0,2047711946",outputs/oof_official_image_audit/review_image_pairs/0597_review_0.205_09af3742-58c2-4e56-8428-16f154aa06db.jpg,TRUE,FALSE,FALSE,FALSE,Hữu,
600,fold_1,M23,15060d60-be4c-4c24-a1c6-59df4b55af4c.jpg,review,"0,2044005007",outputs/oof_official_image_audit/review_image_pairs/0600_review_0.204_15060d60-be4c-4c24-a1c6-59df4b55af4c.jpg,TRUE,FALSE,FALSE,FALSE,Hữu,
602,fold_1,M23,6e4e647b-8f8d-4a06-87cb-5b45a7790fe4.jpg,review,"0,2043444815",outputs/oof_official_image_audit/review_image_pairs/0602_review_0.204_6e4e647b-8f8d-4a06-87cb-5b45a7790fe4.jpg,TRUE,FALSE,FALSE,FALSE,Hữu,
609,fold_3,M12,717f72bd-13f1-4c6d-9c11-0924e8427177.jpg,review,"0,2026021994",outputs/oof_official_image_audit/review_image_pairs/0609_review_0.203_717f72bd-13f1-4c6d-9c11-0924e8427177.jpg,TRUE,FALSE,FALSE,FALSE,Hữu,
610,fold_2,M13,a8042fff-c544-4447-a2b3-5c7ae928fffb.jpg,review,"0,2025867973",outputs/oof_official_image_audit/review_image_pairs/0610_review_0.203_a8042fff-c544-4447-a2b3-5c7ae928fffb.jpg,TRUE,FALSE,FALSE,FALSE,Hữu,
611,fold_2,M13,e1dc7ef4-b8b0-5173-8952-cd6610bdf26c.jpg,review,"0,2023076029",outputs/oof_official_image_audit/review_image_pairs/0611_review_0.202_e1dc7ef4-b8b0-5173-8952-cd6610bdf26c.jpg,TRUE,FALSE,FALSE,FALSE,Hữu,
612,fold_2,M13,d8076b91-366e-51ca-a7ee-82cf2bda7135.jpg,review,"0,2021852792",outputs/oof_official_image_audit/review_image_pairs/0612_review_0.202_d8076b91-366e-51ca-a7ee-82cf2bda7135.jpg,TRUE,FALSE,FALSE,FALSE,Hữu,
613,fold_3,M12,5055f73a-c2c0-53e9-9f53-f1eae00d05ce.jpg,review,"0,2017949514",outputs/oof_official_image_audit/review_image_pairs/0613_review_0.202_5055f73a-c2c0-53e9-9f53-f1eae00d05ce.jpg,TRUE,FALSE,FALSE,FALSE,Hữu,
617,fold_1,M23,a5ea7f26-d752-5345-b052-f258e579e54d.jpg,review,"0,2008801884",outputs/oof_official_image_audit/review_image_pairs/0617_review_0.201_a5ea7f26-d752-5345-b052-f258e579e54d.jpg,FALSE,TRUE,FALSE,FALSE,Hữu,
619,fold_1,M23,4ebc8b4b-e5cd-4ed7-b8ca-361ba7305936.jpg,review,"0,2005100705",outputs/oof_official_image_audit/review_image_pairs/0619_review_0.201_4ebc8b4b-e5cd-4ed7-b8ca-361ba7305936.jpg,TRUE,FALSE,FALSE,FALSE,Hữu,
620,fold_1,M23,e23fa572-4e9a-5ffb-9938-9032103c6963.jpg,review,"0,2004757715",outputs/oof_official_image_audit/review_image_pairs/0620_review_0.200_e23fa572-4e9a-5ffb-9938-9032103c6963.jpg,TRUE,FALSE,FALSE,FALSE,Hữu,
